{
  "success":true,
  "terms":"https:\/\/currencylayer.com\/terms",
  "privacy":"https:\/\/currencylayer.com\/privacy",
  "timestamp":1488309729,
  "source":"USD",
  "quotes":{
    "USDAED":3.672201,
    "USDAFN":66.639999,
    "USDALL":127.150002,
    "USDAMD":486.200012,
    "USDANG":1.777499,
    "USDAOA":165.082001,
    "USDARS":15.470239,
    "USDAUD":1.303098,
    "USDAWG":1.79,
    "USDAZN":1.746982,
    "USDBAM":1.847503,
    "USDBBD":2,
    "USDBDT":79.570257,
    "USDBGN":1.845603,
    "USDBHD":0.37699,
    "USDBIF":1687,
    "USDBMD":1,
    "USDBND":1.399301,
    "USDBOB":6.860049,
    "USDBRL":3.108303,
    "USDBSD":1,
    "USDBTC":0.000836,
    "USDBTN":66.925003,
    "USDBWP":10.357701,
    "USDBYN":1.879737,
    "USDBYR":20020,
    "USDBZD":1.997698,
    "USDCAD":1.32766,
    "USDCDF":1303.000139,
    "USDCHF":1.003503,
    "USDCLF":0.02439,
    "USDCLP":650.179993,
    "USDCNY":6.866402,
    "USDCOP":2922.199951,
    "USDCRC":554.179993,
    "USDCUC":1,
    "USDCUP":0.999892,
    "USDCVE":103.989998,
    "USDCZK":25.468018,
    "USDDJF":177.249727,
    "USDDKK":7.01083,
    "USDDOP":47.029999,
    "USDDZD":109.636002,
    "USDEEK":14.770294,
    "USDEGP":15.697052,
    "USDERN":15.290091,
    "USDETB":22.604398,
    "USDEUR":0.942803,
    "USDFJD":2.0636,
    "USDFKP":0.805024,
    "USDGBP":0.80548,
    "USDGEL":2.573703,
    "USDGGP":0.805564,
    "USDGHS":4.688504,
    "USDGIP":0.805198,
    "USDGMD":43.7503,
    "USDGNF":9120.000205,
    "USDGTQ":7.368503,
    "USDGYD":202.710007,
    "USDHKD":7.76251,
    "USDHNL":23.459999,
    "USDHRK":6.974702,
    "USDHTG":65.019997,
    "USDHUF":290.600006,
    "USDIDR":13352,
    "USDILS":3.638601,
    "USDIMP":0.805564,
    "USDINR":66.720001,
    "USDIQD":1181,
    "USDIRR":32402.999503,
    "USDISK":106.440002,
    "USDJEP":0.805564,
    "USDJMD":128.539993,
    "USDJOD":0.707198,
    "USDJPY":112.028999,
    "USDKES":102.599998,
    "USDKGS":69.152021,
    "USDKHR":4004.899902,
    "USDKMF":461.000218,
    "USDKPW":900.000128,
    "USDKRW":1130.51001,
    "USDKWD":0.304698,
    "USDKYD":0.82018,
    "USDKZT":312.709991,
    "USDLAK":8189.999972,
    "USDLBP":1507.400024,
    "USDLKR":151.259995,
    "USDLRD":89.999869,
    "USDLSL":13.050159,
    "USDLTL":3.048702,
    "USDLVL":0.62055,
    "USDLYD":1.425501,
    "USDMAD":10.077302,
    "USDMDL":19.815001,
    "USDMGA":2952.999832,
    "USDMKD":57.740002,
    "USDMMK":1364.000084,
    "USDMNT":2467.000605,
    "USDMOP":7.995205,
    "USDMRO":354.999986,
    "USDMUR":35.349998,
    "USDMVR":15.199786,
    "USDMWK":716.900024,
    "USDMXN":20.091699,
    "USDMYR":4.437996,
    "USDMZN":70.440002,
    "USDNAD":13.084995,
    "USDNGN":314.999451,
    "USDNIO":29.350017,
    "USDNOK":8.379897,
    "USDNPR":108.599998,
    "USDNZD":1.384901,
    "USDOMR":0.384501,
    "USDPAB":1,
    "USDPEN":3.263006,
    "USDPGK":3.170599,
    "USDPHP":50.209999,
    "USDPKR":104.650002,
    "USDPLN":4.062299,
    "USDPYG":5455.399902,
    "USDQAR":3.640299,
    "USDRON":4.266599,
    "USDRSD":116.580803,
    "USDRUB":58.299028,
    "USDRWF":815.669983,
    "USDSAR":3.749102,
    "USDSBD":7.779602,
    "USDSCR":13.238987,
    "USDSDG":6.399702,
    "USDSEK":9.01897,
    "USDSGD":1.40006,
    "USDSHP":0.805198,
    "USDSLL":7391.999778,
    "USDSOS":545.999944,
    "USDSRD":7.470109,
    "USDSTD":23106.599609,
    "USDSVC":8.721973,
    "USDSYP":514.97998,
    "USDSZL":13.0825,
    "USDTHB":34.910013,
    "USDTJS":7.989201,
    "USDTMT":3.41,
    "USDTND":2.280904,
    "USDTOP":2.246194,
    "USDTRY":3.633503,
    "USDTTD":6.699504,
    "USDTWD":30.642002,
    "USDTZS":2228.000043,
    "USDUAH":27.170202,
    "USDUGX":3580.000191,
    "USDUSD":1,
    "USDUYU":28.179764,
    "USDUZS":3399.99969,
    "USDVEF":9.974981,
    "USDVND":22749,
    "USDVUV":105.959999,
    "USDWST":2.536197,
    "USDXAF":618.210022,
    "USDXAG":0.054437,
    "USDXAU":0.000799,
    "USDXCD":2.704736,
    "USDXDR":0.738611,
    "USDXOF":622.099976,
    "USDXPF":111.949997,
    "USDYER":249.949997,
    "USDZAR":13.084302,
    "USDZMK":5156.095997,
    "USDZMW":9.449994,
    "USDZWL":322.355011
  }
}